EDC_ID,MERCHANT_NAME,ADDRESS,KECAMATAN,SECTOR,STATUS,ACQUISITION_DATE,LATITUDE,LONGITUDE,INACTIVE_DATE
EDC-DMY-0001,Kios Tani Dummy Dua 1,"Jl. Dummy No. 69, Kota Manna",Kota Manna,Pertanian,Active,2026-03-19,-4.471441,102.911987,
EDC-DMY-0002,Klinik Dummy Dua 2,"Jl. Dummy No. 31, Kota Manna",Kota Manna,Kesehatan,Inactive,2026-04-20,-4.471523,102.908188,2026-06-06
EDC-DMY-0003,Apotek Dummy Sepuluh 3,"Jl. Dummy No. 75, Kota Manna",Kota Manna,Kesehatan,Active,2026-03-05,-4.46418,102.92143,
EDC-DMY-0004,Warung Dummy Sembilan 4,"Jl. Dummy No. 16, Kota Manna",Kota Manna,Kuliner,Active,2026-03-10,-4.459998,102.911446,
EDC-DMY-0005,Toko ATK Dummy Enam 5,"Jl. Dummy No. 13, Kota Manna",Kota Manna,Pendidikan,Inactive,2026-04-03,-4.460554,102.899507,2026-05-29
EDC-DMY-0006,Kedai Kopi Dummy Tujuh 6,"Jl. Dummy No. 41, Kota Manna",Kota Manna,Kuliner,Active,2026-04-16,-4.462526,102.920163,
EDC-DMY-0007,Kios Tani Dummy Beta 7,"Jl. Dummy No. 32, Kota Manna",Kota Manna,Pertanian,Active,2026-06-03,-4.471735,102.905206,
EDC-DMY-0008,Bengkel Dummy Sepuluh 8,"Jl. Dummy No. 10, Kota Manna",Kota Manna,Jasa,Active,2026-06-25,-4.470866,102.908035,
EDC-DMY-0009,Toko Pupuk Dummy Satu 9,"Jl. Dummy No. 86, Kota Manna",Kota Manna,Pertanian,Active,2026-03-19,-4.471837,102.911394,
EDC-DMY-0010,UD Hasil Bumi Dummy Delapan 10,"Jl. Dummy No. 75, Kota Manna",Kota Manna,Pertanian,Active,2026-06-24,-4.454575,102.89965,
EDC-DMY-0011,Kedai Kopi Dummy Dua 11,"Jl. Dummy No. 8, Kota Manna",Kota Manna,Kuliner,Active,2026-05-19,-4.456152,102.905431,
EDC-DMY-0012,Klinik Dummy Alfa 12,"Jl. Dummy No. 45, Kota Manna",Kota Manna,Kesehatan,Active,2026-08-17,-4.473158,102.909081,
EDC-DMY-0013,Toko Dummy Gama 13,"Jl. Dummy No. 37, Kota Manna",Kota Manna,Retail,Active,2026-03-01,-4.470596,102.903943,
EDC-DMY-0014,Bengkel Dummy Sembilan 14,"Jl. Dummy No. 36, Kota Manna",Kota Manna,Jasa,Inactive,2026-09-12,-4.452499,102.917663,2026-10-30
EDC-DMY-0015,Klinik Dummy Alfa 15,"Jl. Dummy No. 49, Pasar Manna",Pasar Manna,Kesehatan,Active,2026-05-23,-4.455014,102.909622,
EDC-DMY-0016,Toko Dummy Satu 16,"Jl. Dummy No. 63, Pasar Manna",Pasar Manna,Retail,Active,2026-03-19,-4.458054,102.910376,
EDC-DMY-0017,Toko Pupuk Dummy Sepuluh 17,"Jl. Dummy No. 73, Pasar Manna",Pasar Manna,Pertanian,Inactive,2026-01-03,-4.470353,102.909012,2026-02-26
EDC-DMY-0018,Klinik Dummy Tujuh 18,"Jl. Dummy No. 52, Pasar Manna",Pasar Manna,Kesehatan,Active,2026-01-28,-4.468541,102.917557,
EDC-DMY-0019,Laundry Dummy Delapan 19,"Jl. Dummy No. 21, Pasar Manna",Pasar Manna,Jasa,Active,2026-02-01,-4.475362,102.920417,
EDC-DMY-0020,Kedai Kopi Dummy Dua 20,"Jl. Dummy No. 47, Pasar Manna",Pasar Manna,Kuliner,Active,2026-01-01,-4.46327,102.907688,
EDC-DMY-0021,Minimarket Dummy Sepuluh 21,"Jl. Dummy No. 47, Pasar Manna",Pasar Manna,Retail,Inactive,2026-07-12,-4.46662,102.908768,2026-08-17
EDC-DMY-0022,Bengkel Dummy Dua 22,"Jl. Dummy No. 19, Pasar Manna",Pasar Manna,Jasa,Active,2026-08-27,-4.475547,102.914223,
EDC-DMY-0023,Kios Tani Dummy Sembilan 23,"Jl. Dummy No. 3, Pasar Manna",Pasar Manna,Pertanian,Active,2026-09-03,-4.473075,102.928849,
EDC-DMY-0024,Kios Tani Dummy Gama 24,"Jl. Dummy No. 68, Pasar Manna",Pasar Manna,Pertanian,Active,2026-03-17,-4.470846,102.92143,
EDC-DMY-0025,Warung Dummy Enam 25,"Jl. Dummy No. 99, Manna",Manna,Kuliner,Active,2026-05-14,-4.456653,102.900998,
EDC-DMY-0026,Apotek Dummy Gama 26,"Jl. Dummy No. 31, Manna",Manna,Kesehatan,Active,2026-06-18,-4.44236,102.905757,
EDC-DMY-0027,Minimarket Dummy Beta 27,"Jl. Dummy No. 4, Manna",Manna,Retail,Active,2026-04-13,-4.43825,102.906963,
EDC-DMY-0028,Salon Dummy Enam 28,"Jl. Dummy No. 58, Manna",Manna,Jasa,Active,2026-05-13,-4.442594,102.905355,
EDC-DMY-0029,Kios Tani Dummy Delapan 29,"Jl. Dummy No. 26, Manna",Manna,Pertanian,Inactive,2026-07-06,-4.453894,102.899584,2026-08-01
EDC-DMY-0030,Klinik Dummy Gama 30,"Jl. Dummy No. 83, Manna",Manna,Kesehatan,Active,2026-01-01,-4.459965,102.903854,
EDC-DMY-0031,Laundry Dummy Tujuh 31,"Jl. Dummy No. 82, Manna",Manna,Jasa,Active,2026-04-13,-4.45402,102.90722,
EDC-DMY-0032,Toko ATK Dummy Beta 32,"Jl. Dummy No. 21, Manna",Manna,Pendidikan,Active,2026-07-22,-4.45792,102.891049,
EDC-DMY-0033,Toko Dummy Sepuluh 33,"Jl. Dummy No. 77, Seginim",Seginim,Retail,Active,2026-08-27,-4.331182,102.869436,
EDC-DMY-0034,Kios Tani Dummy Satu 34,"Jl. Dummy No. 2, Seginim",Seginim,Pertanian,Active,2026-03-21,-4.342039,102.873582,
EDC-DMY-0035,Warung Dummy Delta 35,"Jl. Dummy No. 28, Seginim",Seginim,Kuliner,Active,2026-03-13,-4.38832,102.842767,
EDC-DMY-0036,Klinik Dummy Lima 36,"Jl. Dummy No. 70, Seginim",Seginim,Kesehatan,Active,2026-05-04,-4.364859,102.837864,
EDC-DMY-0037,Fotokopi Dummy Delta 37,"Jl. Dummy No. 65, Seginim",Seginim,Pendidikan,Active,2026-07-01,-4.382154,102.83911,
EDC-DMY-0038,Apotek Dummy Sepuluh 38,"Jl. Dummy No. 1, Seginim",Seginim,Kesehatan,Active,2026-01-10,-4.343438,102.838988,
EDC-DMY-0039,Toko Dummy Sembilan 39,"Jl. Dummy No. 8, Seginim",Seginim,Retail,Active,2026-08-31,-4.370441,102.861101,
EDC-DMY-0040,Apotek Dummy Sembilan 40,"Jl. Dummy No. 8, Bunga Mas",Bunga Mas,Kesehatan,Active,2026-09-05,-4.41509,102.966615,
EDC-DMY-0041,Warung Dummy Gama 41,"Jl. Dummy No. 9, Bunga Mas",Bunga Mas,Kuliner,Active,2026-09-17,-4.403405,102.986752,
EDC-DMY-0042,Klinik Dummy Sembilan 42,"Jl. Dummy No. 69, Bunga Mas",Bunga Mas,Kesehatan,Active,2026-04-13,-4.381558,102.980465,
EDC-DMY-0043,Toko Dummy Delta 43,"Jl. Dummy No. 58, Bunga Mas",Bunga Mas,Retail,Active,2026-05-13,-4.421772,102.957297,
EDC-DMY-0044,Bengkel Dummy Dua 44,"Jl. Dummy No. 28, Bunga Mas",Bunga Mas,Jasa,Inactive,2026-06-11,-4.389832,102.997036,2026-07-16
EDC-DMY-0045,Minimarket Dummy Empat 45,"Jl. Dummy No. 96, Bunga Mas",Bunga Mas,Retail,Inactive,2026-07-07,-4.37285,102.973895,2026-08-04
EDC-DMY-0046,Laundry Dummy Tiga 46,"Jl. Dummy No. 91, Kedurang",Kedurang,Jasa,Active,2026-03-25,-4.534109,103.030936,
EDC-DMY-0047,Toko Pupuk Dummy Dua 47,"Jl. Dummy No. 93, Kedurang",Kedurang,Pertanian,Active,2026-08-04,-4.538043,103.020279,
EDC-DMY-0048,Bengkel Dummy Enam 48,"Jl. Dummy No. 67, Kedurang",Kedurang,Jasa,Active,2026-08-14,-4.522564,103.030736,
EDC-DMY-0049,Warung Dummy Dua 49,"Jl. Dummy No. 11, Kedurang",Kedurang,Kuliner,Active,2026-02-27,-4.544066,103.002375,
EDC-DMY-0050,Minimarket Dummy Delta 50,"Jl. Dummy No. 87, Kedurang",Kedurang,Retail,Active,2026-05-19,-4.510861,103.015517,
EDC-DMY-0051,Toko Dummy Lima 51,"Jl. Dummy No. 8, Kedurang",Kedurang,Retail,Active,2026-09-11,-4.512025,103.011001,
EDC-DMY-0052,Kedai Kopi Dummy Dua 52,"Jl. Dummy No. 34, Kedurang",Kedurang,Kuliner,Active,2026-05-18,-4.554975,103.051374,
EDC-DMY-0053,Rumah Makan Dummy Satu 53,"Jl. Dummy No. 44, Kedurang Ilir",Kedurang Ilir,Kuliner,Active,2026-05-16,-4.530342,103.075066,
EDC-DMY-0054,Kios Tani Dummy Tiga 54,"Jl. Dummy No. 34, Kedurang Ilir",Kedurang Ilir,Pertanian,Inactive,2026-03-08,-4.586977,103.062106,2026-04-12
EDC-DMY-0055,Kios Tani Dummy Lima 55,"Jl. Dummy No. 58, Kedurang Ilir",Kedurang Ilir,Pertanian,Active,2026-06-06,-4.559995,103.060674,
EDC-DMY-0056,Kios Tani Dummy Satu 56,"Jl. Dummy No. 3, Kedurang Ilir",Kedurang Ilir,Pertanian,Active,2026-01-10,-4.546015,103.083063,
EDC-DMY-0057,Minimarket Dummy Dua 57,"Jl. Dummy No. 85, Kedurang Ilir",Kedurang Ilir,Retail,Active,2026-09-01,-4.540865,103.075931,
EDC-DMY-0058,Bengkel Dummy Beta 58,"Jl. Dummy No. 28, Pino",Pino,Jasa,Active,2026-07-21,-4.561054,102.820562,
EDC-DMY-0059,Fotokopi Dummy Satu 59,"Jl. Dummy No. 17, Pino",Pino,Pendidikan,Active,2026-03-13,-4.619145,102.837527,
EDC-DMY-0060,Kios Tani Dummy Alfa 60,"Jl. Dummy No. 49, Pino",Pino,Pertanian,Active,2026-08-09,-4.567768,102.840233,
EDC-DMY-0061,Kios Tani Dummy Delapan 61,"Jl. Dummy No. 24, Pino",Pino,Pertanian,Active,2026-05-05,-4.610548,102.826749,
EDC-DMY-0062,UD Hasil Bumi Dummy Enam 62,"Jl. Dummy No. 32, Pino",Pino,Pertanian,Active,2026-07-06,-4.617933,102.852943,
EDC-DMY-0063,Minimarket Dummy Tujuh 63,"Jl. Dummy No. 11, Pino Raya",Pino Raya,Retail,Active,2026-07-02,-4.631521,102.870166,
EDC-DMY-0064,Toko Dummy Dua 64,"Jl. Dummy No. 34, Pino Raya",Pino Raya,Retail,Active,2026-05-08,-4.610977,102.848632,
EDC-DMY-0065,Klinik Dummy Lima 65,"Jl. Dummy No. 81, Pino Raya",Pino Raya,Kesehatan,Active,2026-01-22,-4.646031,102.875135,
EDC-DMY-0066,Klinik Dummy Gama 66,"Jl. Dummy No. 42, Air Nipis",Air Nipis,Kesehatan,Active,2026-03-21,-4.536759,102.899651,
EDC-DMY-0067,UD Hasil Bumi Dummy Tujuh 67,"Jl. Dummy No. 94, Air Nipis",Air Nipis,Pertanian,Inactive,2026-03-16,-4.537937,102.900332,2026-05-07
EDC-DMY-0068,Apotek Dummy Delta 68,"Jl. Dummy No. 88, Air Nipis",Air Nipis,Kesehatan,Active,2026-09-16,-4.544956,102.92357,
EDC-DMY-0069,Toko ATK Dummy Alfa 69,"Jl. Dummy No. 47, Ulu Talo",Ulu Talo,Pendidikan,Inactive,2026-04-28,-4.592429,103.042597,2026-05-20
EDC-DMY-0070,Salon Dummy Sembilan 70,"Jl. Dummy No. 88, Ulu Talo",Ulu Talo,Jasa,Active,2026-01-26,-4.635326,103.035828,
